{"bounds":{"xmax":166.666015625,"xmin":-174.666015625,"ymax":292.166015625,"ymin":-49.166015625,"zmax":-35.20001220703125,"zmin":-593.20001220703125}}